koda,Zivilo,Posebnosti,Mascobe,Nasicene,Ogljikovi hidrati,Sladkorji,Beljakovine,Soli,
ME1,"Svinjina, ledja",,3.5,1.357,0,0,21.2,0,
ME2,"Svinjina, stegno",,3.7,1.361,0,0,20.7,0,
ME3,"Svinjina, pleüe",,4.4,1.292,0,0,19.3,0,
ME4,"Svinjina, rebra",,5.6,2,0,0,18.7,0,
ME5,PraÁiüja jetra,,3.5,1.678,0.9,0,16.5,0,
ME6,PraÁiüje srce,,4.1,0.651,0,0,13.9,0,
ME7,PraÁiüji jezik,,17.2,6,0,0,16.3,0,
ME8,"Svinjina, podkoßna slanina",,88.7,40.059,0,0,2.9,0,
ME9,"Govedina, ledja",,2.8,0.839,0,0,22.4,0,
ME10,"Govedina, kriß",,7.7,1.03,0,0,18.5,0,
ME11,"Govedina, pleüe",,3.3,0.997,0,0,22.2,0,
ME12,"Govedina, zunanje stegno",,3.2,0.639,0,0,22,0,
ME13,"Govedina, podpleüje",,8.1,3.615,0,0,19.3,0,
ME14,"Govedina, pljuüna peüenka",,4,1.802,0,0,21.2,0,
ME15,Goveja jetra,,3.6,1.2,3.9,0,20.4,0,
ME16,Goveje srce,,3.1,0,0,0,14,0,
ME17,Goveji jezik,,12.4,0,0,0,14.4,0,
ME18,"Govedina, podkoßno maÁüobno tkivo",,94,40.367,0,0,1.5,0,
ME19,"Teletina, rebra",,2.1,0,0,0,19.1,0,
ME20,teleüja jetra,,2.1,0,4.1,0,12.7,0,
ME21,Teleüje srce,,4.2,0,0,0,14.8,0,
ME22,Teleüji jezik,,11.6,0,0,0,16.9,0,
ME23,Teleüji vampi,,8.3,0,0,0,14.8,0,
ME24,"Jagnetina, ledja",,1.6,0.765,0,0,20.8,0,
ME25,"Jagnetina, pleüe",,3.1,0.841,0,0,19.3,0,
ME26,"Jagnetina, stegno",,2.5,0.614,0,0,20.8,0,
ME27,"Jagnetina, podkoßni loj",,76.9,32.75,0,0,5.2,0,
ME28,Ovüetina,,3.5,0,0,0,18.9,0,
ME29,"Konjsko meso, povpreüno",,2.7,0.964,0.4,0,20.6,0,
ME30,"Kozje meso, povpreüno",,7.9,0,0,0,19.5,0,
ME31,"Kunüje meso, hrbet in stegno",,8.5,1.331,0,0,21.3,0,
ME32,"Hrenovka, klasiüna",,26.2,10.727,0,0,12.9,0,
ME33,Kunüja hrenovka,,23.6,2.388,0,0,12.7,0,
ME34,Mesni sir,,27.5,8.994,0,0,12.4,0,
ME35,Mortadela,,25.2,11.253,0,0,16.8,3.1,
ME36,Francoska klobasa,,23,0,0,0,13.1,1.3,
ME37,PariÁka salama,,31.1,0,0,0,11.8,1.8,
ME38,Êunka v ovitku,,3.9,1.519,0,0,17.3,0,
ME39,Kranjska klobasa,,20.4,9.002,0,0,19.1,0,
ME40,Zimska salama,,44.9,18.189,0,0,26,0,
ME41,Aljaßeva salama,,33.3,0,0,0,15.8,2.6,
ME42,Kulen,,61.9,0,0,0,18.2,0,
ME43,KraÁki prÁut,,7.4,2.812,0,0,32.1,7.6,
ME44,Prekmurska Áunka,,5.4,0,0,0,35.8,8.3,
ME45,Jetrna paÁteta,,28.6,0,0,0,14.2,1.2,
ME46,Krvavice,,28.2,0,0,0,9.7,0,
ME47,Razsoljeni svinjski hrbet,,7.5,3.12,0,0,20.9,0,
ME48,Govedina v ovitku,,6,2.46,0,0,21.7,0,
ME49,Mesni narezek,,25.4,0,0,0,14.7,1.9,
ME50,"Petelinje meso, prsa brez koße in kosti",,0.7,0,0,0,23.9,0,
ME51,"Petelinje meso, bedro brez koße in kosti",,1.6,0,0,0,21.4,0,
ME52,"Kopunje meso, prsa brez koße in kosti",,1.7,0.671,0,0,23.5,0,
ME53,"Kopunje meso, bedro brez koße in kosti",,4.7,1.993,0,0,21.3,0,
ME54,"Polkopunje meso, prsa brez koße in kosti ",,1.4,0.547,0,0,24.4,0,
ME55,"Polkopunje meso, bedro brez koße in kosti",,3.7,1.612,0,0,21.6,0,
ME56,"PiÁüanüje meso, prsa brez koße in kosti",,1.5,0.289,0,0,22.8,0,
ME57,"PiÁüanüje meso, prsa s koßo, brez kosti",,7,1.831,0,0,21.9,0,
ME58,"PiÁüanüje meso, bedro brez koße in kosti",,6.9,1.02,0,0,18.6,0,
ME59,"PiÁüanüje meso, bedro s koßo, brez kosti",,12.6,2.254,0,0,17,0,
ME60,"PiÁüanüje meso, krilo s koßo, brez kosti",,12.3,2.204,0,0,18.5,0,
ME61,KokoÁja maÁüoba,,100,29.128,0,0,0,0,
ME62,PiÁüanüja jetra,,4.7,1.582,1.2,0,22.1,0,
ME63,PiÁüanüje srce,,5.8,1.437,0,0,17.3,0,
ME64,"Puranje meso, prsa brez koße in kosti",,1.5,0.477,0,0,24,0,
ME65,"Puranje meso, bedro brez koße in kosti",,3.9,1.219,0,0,19.6,0,
ME66,"Gos, povpreüno",,31,8.72,0,0,15.7,0,
ME67,Gosja maÁüoba,,100,27.68,0,0,0,0,
ME68,"Raca, povpreüno",,17.2,5.712,0,0,18.1,0,
ME69,PiÁüanüja posebna klobasa,,26.8,0,0,0,12.4,0,
ME70,PiÁüanüja hrenovka,,25.7,9.091,0,0,13.1,0,
ME71,PiÁüanüja jetrna paÁteta,,24.1,0,0,0,12.6,0,
ME72,PiÁüanüje prsi v ovitku,,1.7,0.568,0,0,19.4,0,
ME73,"Jelenjad, pleüe",,1.5,0,0,0,21.6,0,
ME74,"Jelenjad, hrbet",,1.3,0,0,0,22.3,0,
ME75,"Jelenjad, stegno",,1.4,0,0,0,21.6,0,
ME76,"Jelen, pleüe",,1.3,0,0,0,21.9,0,
ME77,"Jelen, hrbet",,1.2,0,0,0,22.4,0,
ME78,"Jelen, stegno",,1.4,0,0,0,21.6,0,
ME79,"KoÁuta, pleüe",,1.7,0,0,0,21.6,0,
ME80,"KoÁuta, hrbet",,1.4,0,0,0,22.4,0,
ME81,"KoÁuta, stegno",,1.7,0,0,0,21.9,0,
ME82,"Jelenje tele, pleüe",,1.5,0,0,0,21.4,0,
ME83,"Jelenje tele, hrbet",,1.2,0,0,0,21.9,0,
ME84,"Jelenje tele, stegno",,1.2,0,0,0,21.7,0,
ME85,"Srnjak, pleüe",,1.2,0,0,0,23.5,0,
ME86,"Srnjak, hrbet",,2.8,0,0,0,22.7,0,
ME87,"Srnjak, stegno",,2.1,0,0,0,21.6,0,
ME88,"Divji praÁiü, meso, povpreüno",,9.3,3.248,0,0,19.5,0,
ME89,"Divji zajec, povpreüno",,3,0,0,0,21.6,0,
ME90,"Fazan, povpreüno, s koßo, brez kosti",,6.6,2.13,0,0,23.8,0,
ME91,"Prepelica, povpreüno, brez koße in kosti",,2.3,0.795,0,0,22.1,0,
RI1,Cipelj,,4.3,1.487,0,0,20.4,0,
RI2,Navadni tun,,15.5,4.149,0,0,21.5,0,
RI3,Sardela,,4.1,0.816,0,0,19.7,0,
RI4,Inüun,,2.6,0,0,0,19.1,0,
RI5,Papalina,,21,3.996,0,0,13.6,0,
RI6,Sled,,9.2,2.47,0,0,18.1,0,
RI7,Jegulja,,24.5,5.72,0,0,15,0,
RI8,Morski list,,1.9,0.437,0,0,17.1,0,
RI9,Osliü,,2.8,0.59,0,0,17.2,0,
RI10,SkuÁa,,11.9,3.31,0,0,18.7,0,
RI11,Raßa,,1.3,0,0,0,20.5,0,
RI12,"Jezerska zlatovüica, gojena",,3.4,0,0,0,19.4,0,
RI13,"Êarenka, gojena",,1.9,0,0,0,18,0,
RI14,"Krap, gojen",,7.6,1.039,0,0,16.9,0,
RI15,"Potoüna postrv, gojena",,5,0.682,0,0,19,0,
RI16,Klen,,0.6,0,0,0,15,0,
RI17,Podust,,2.5,0,0,0,19.9,0,
RI18,Êüuka,,0.9,0.083,0,0,18.4,0,
RI19,Losos,,13.6,2.868,0,0,19.9,0,
RI20,Sipa,,0.9,0,0,0,16.1,0,
RI21,Klapavica,,1.1,0,0,0,11,0,
RI22,"Êkoljka, dagnja",,2,0.589,2.4,0,10.5,0,
RI23,Ostriga,,1.2,0.415,4.8,0,9,0,
RI24,Polß,,1.2,0.215,0,0,12.8,0,
RI25,Navadna peÁüena kozica,,1.4,0.318,0,0,18.6,0,
RI26,Jastog,,1.9,0.239,0,0,15.9,0,
RI27,Rarog,,1.1,0.13,1.3,0,17.2,0,
RI28,Sladkovodni rak,,0.5,0.0668,0,0,15,0,
RI29,Prekajena postrv,,9.3,0,0,0,30.4,0,
RI30,"Slanik, prekajen",,18.4,4.444,0,0,19.4,0,
RI31,"Morski list, prekajen",,1.9,0.455,0,0,23.3,0,
RI32,"SkuÁa, prekajena",,15.5,2.978,0,0,20.7,0,
RI33,"Zelenjava z ribo, ""Maestral""",,7.5,0,4.9,0,7.7,0,
RI34,"Zelenjava z ribo, ""Sardinada""",,6.5,0,8.9,0,9.2,0,
RI35,"Riba z zelenjavo, ""Weekend""",,7.3,0,6,0,7.6,0,
RI36,"Riba z zelenjavo, ""Izola Brand""",,11,0,6.5,0,7.9,0,
RI37,"Zelenjava z ribo, ""Argo Picnic""",,8.2,0,8.7,0,8.2,0,
RI38,"Sardine v olju, ploüevinka",,13.9,2.22,0,0,24.1,0,
RI39,"Zelenjava z ribo, ""Antipasta""",,6.6,0,7.6,0,4.5,0,
RI40,Brodet v ploüevinki,,5.6,0,7.5,0,4.2,0,
RI41,Tuna v rastlinskem olju,,20.9,0,0,0,23.8,0,
RI42,Losos v olju,,22.8,0,0,0,16.4,10.4,
RI43,"Rakovica, v ploüevinki",,1.7,0,0,0,18,0,
RI44,"Ribja paÁteta, ""Argeta""",,12.7,0,7.3,0,10.1,0,
RI45,"Ribja paÁteta z zelenjavo, ""Weekend""",,12.3,0,10.5,0,10.8,0,
RI46,Kaviar,,15.5,0,0,0,26.1,0,
RI47,Brancin peüen,,2.57,0.655,0,0,23.6,0,
RI48,Morski pes,,4.52,0.925,0,0,21,0,
RI49,SkuÁa,,11.9,4.3,0,0,18.7,0,
RI50,Sardine,,5.18,1.76,0,0,18.4,0,
RI51,Meüarica,,4.4,0.31,0,0,19.4,0,
RI52,Tuna,,15.5,4.78,0,0,21.5,0,
RI53,Jegulja,,33,7.9,0,0,14.6,0,
RI54,Som,,11.3,3,0,0,15.3,0,
RI55,Êkoljke,,1.91,0.55,4.81,0,8.26,0,
RI56,Êkampi,,0.59,0.107,1.29,0,20.5,0,
RI57,Hobotnica,,1.05,0.227,2.21,0,14.9,0,
SO1,Sol,,0,0,0,0,0,100,
OR1,Oreh,,62.5,6.22,12.14,0,14.4,0,
OR2,Pinjoli,,50.7,7.8,14.2,0,24,0,
OR3,LeÁnik,,61.6,4.52,11.36,4.62,11.96,0,
OR4,Mandelj,,54.1,4.65,9.08,0,18.72,0,
OR5,AraÁid,,48.1,6.96,12.15,3.2,25.25,0,
OR6,Kostanj,,2.21,0.414,53,12.7,3.18,0,
OR7,Kokosov oreh,,36.3,31.75,4.8,0,44.8,0,
OR8,Pistacija,,51.6,7.25,15.66,0,5.9,0,
OR9,Makovo semena,,42.2,4.87,4.2,0,20,0,
OR10,Sezamovo semena,,50.4,7.55,10.2,0,17.72,0,
OR11,Sonüniüna semena,,49,5.2,12.33,0,22.47,0,
OR12,Buüna semena,,46,8.7,17.8,0,24.5,0,
ZI1,"Ajda, zrno",,2.78,0,70.5,2.615,11.4,0,
ZI2,"Ajda, zrno, ¨ebelica",,2.75,0,74.6,0,10.8,0,
ZI3,"Ajda, zrno, Dolenjska siva",,2.75,0,70.5,2.62,11.1,0,
ZI4,Ajdova kaÁa,,3.52,0,66,0.29,17.3,0,
ZI5,"Ajdova kaÁa, tatarska",,3.16,0,72.3,0,11.7,0,
ZI6,Ajdova moka,,2.73,0,72.9,3.825,10.3,0,
ZI7,"Ajdova moka, Dolenjska siva",,2.77,0,76.2,3.83,5.46,0,
ZI8,"Ajdova moka, Trdinova",,2,0,73.9,0,10.1,0,
ZI9,"Ajdova moka, tatarska",,2.44,0,73.6,0,10.3,0,
ZI10,"Jeümen, zrno",,2.7,0,73.6,1.71,10.3,0,
ZI11,JeÁprenj,,2,0,74.3,0,7.93,0,
ZI12,Jeümenova moka,,1.86,0,75,0,9.92,0,
ZI13,"Koruza, zrno",,5.61,0,75.1,1.39,7.87,0,
ZI14,"Koruza, zrno, Poltrdinka",,5.61,0,75.1,1.39,7.87,0,
ZI15,Koruzni zdrob,,0.75,0,79.6,0,7.41,0,
ZI16,Koruzni zdrob (bela polenta),,1.46,0,80.2,0,6.42,0,
ZI17,Koruzni zdrob (instant polenta),,0.21,0,80.5,0,7.69,0,
ZI18,Koruzna moka,,4.32,0,76.1,0,7.71,0,
ZI19,"Koruzna moka, Poltrdinka",,4.95,0,74.8,0,7.92,0,
ZI20,Ovseni kosmiüi,,7.5,0,69.2,0.7,11.5,0,
ZI21,"Pira, zrno",,3.03,0,70.1,0,13.9,0,
ZI22,Pirina kaÁa,,2.73,0,70.8,0,13.2,0,
ZI23,Pirin zdrob,,2.64,0,70.2,0,13.4,0,
ZI24,"Pirina moka, polnozrnata ",,2.67,0,70.7,1.72,13.9,0,
ZI25,Pirina moka ,,2.76,0,70.2,0.757,13.5,0,
ZI26,"Proso, zrno ",,3.71,0,73.8,1.45,9.96,0,
ZI27,"Proso, zrno, Sonüek ",,3.37,0,74.8,0,9.38,0,
ZI28,Prosena kaÁa ,,4.28,0,70.8,0,12.5,0,
ZI29,"PÁenica, zrno",,2.29,0,72.5,0.642,13.2,0,
ZI30,PÁeniüni zdrob (tip 400) ,,1.06,0,75.9,1.66,10.3,0,
ZI31,PÁeniüna moka (polnozrnata) ,,1.32,0,74.2,0,12.2,0,
ZI32,PÁeniüna moka (tip 1100) ,,1.63,0,74.6,0,11.6,0,
ZI33,PÁeniüna moka (tip 850) ,,1.6,0,74.3,0.69,12.5,0,
ZI34,PÁeniüna moka (tip 500),,1.38,0,76.1,0,11.2,0,
ZI35,PÁeniüna moka (tip 400) ,,1.04,0,76.7,0.23,10.5,0,
ZI36,"Rß, zrno",,1.92,0,76.7,1.22,9.73,0,
ZI37,Rßena moka,,1.68,0,79,2.606,7.81,0,
ZI38,"Rßeni kosmiüi, polnozrnati ",,0.34,0,81.3,2.692,7.55,0,
ZI39,Rßeni kosmiüi,,1.81,0,78.5,2.785,8.69,0,
ZI40,"Riß, bel, poliran",,0.62,0,77.7,0.15,6.83,0,
ZI41,"Riß, rjav, nepoliran ",,2.2,0,74.1,0.6,7.22,0,
ZI42,Rißeva moka,,0.65,0,79.6,0,6.68,0,
ZI43,Rißev Ákrob,,0,0,85,0,0.76,0,
ZI44,Francoska Átruca,,3.19,0,50.4,2.87,10.1,0,
ZI45,Polbeli kruh,,1.33,0,47.2,2.845,9.65,0,
ZI46,¨rni kruh,,1.66,0,45.7,3.12,9.7,0,
ZI47,"¨rni kruh, s krompirjevimi kosmiüi",,4.35,0,41.2,5.88,8.09,0,
ZI48,Rßeni kruh,,1.92,0,49.4,2.096,6.76,0,
ZI49,"Rßeni kruh, s kefirjem",,2.63,0,46.8,1.98,7.53,0,
ZI50,"Rßeni meÁani kruh ""GLYX""",,2.05,0,45.5,1.66,8.81,0,
ZI51,"Rßeni kruh ""SVIT""",,2.29,0,43.3,2.58,9.15,0,
ZI52,Ovseni meÁani kruh,,3.02,0,45.3,3.201,9.74,0,
ZI53,Koruzni kruh,,1.75,0,50,5.586,8.25,0,
ZI54,"KruÁno pecivo, Êtruüka s sirom",,7.47,0,44.2,2.953,15.2,0,
ZI55,Pirin meÁani kruh,,5.77,0,42.7,4,10.5,0,
ZI56,"Pirin kruh, z jabolünimi krhlji",,6.13,0,39.5,4.02,10.9,0,
ZI57,"Prepeüenec, Beli",,5.68,0,74.1,6.785,12.7,0,
ZI58,"Prepeüenec, Veü ßit",,6.01,0,71.1,4.22,13.8,0,
ZI59,"PÁeniüni meÁani kruh, Z manj soli",,1.1,0,46.2,2.495,10.3,0,
ZI60,Belokranjska pogaüa,,1.32,0,47.5,2.337,7.88,0,
ZI61,"PÁeniüni meÁani kruh, S semeni",,8.32,0,45,3.017,11.8,0,
ZI62,"PÁeniüni meÁani kruh ""Jelenov""",,2.12,0,44.9,2.88,8.9,0,
ZI63,"PÁeniüni meÁani kruh ""Krjavelj""",,2.73,0,44.1,0.46,9.15,0,
ZI64,"KruÁno pecivo, bela bageta",,1.43,0,55.7,0.09,9.62,0,
ZI65,"KruÁno pecivo, bela kajzerica",,3.21,0,57,0.99,10.2,0,
ZI66,"KruÁno pecivo, boboli",,3.64,0,52.1,0.61,9.05,0,
ZI67,"KruÁno pecivo, ürna ßemlja",,1.33,0,52.8,0.88,10.8,0,
ZI68,Ajdov kruh,,1.54,0,51.9,0.12,9.34,0,
ZI69,"Ajdov kruh, z orehi",,9.79,0,43.4,0.09,9.68,0,
ZI70,Tritikala moka,,1.8,0.3,73.1,14.6,13.20,0,
SA1,Jagode,,0.11,0,4.61,5.07,0.53,0,
SA2,¨eÁnje,,0.08,0,8.55,9.913,1.4,0,
SA3,ViÁnje,,0.5,0,9.88,9.878,0.9,0,
SA4,Breskve,,0.07,0,10.1,6.455,0.83,0,
SA5,Maline,,0.2,0,1.43,6.208,0.31,0,
SA6,Borovnice,,0.6,0,6.05,6.046,0.6,0,
SA7,Robidnice,,1,0,6.24,6.24,1.2,0,
SA8,HruÁke,,0.04,0,15.6,9.11,0.31,0,
SA9,"HruÁke, Tepka",,0.11,0,18.9,12.79,0.34,0,
SA10,Jabolke,,0.11,0,14.3,11.35,0.16,0,
SA11,"Jabolke, Carjeviü",,0.14,0,15.2,12.38,0.17,0,
SA12,"Jabolke, Êampanjska Reneta",,0.14,0,14.8,10.65,0.13,0,
SA13,Slive,,0.1,0,19.2,12.53,0.7,0,
SA14,"Grozdje, belo",,0.07,0,18.3,15.458,0.36,0,
SA15,"Drozdje, rdeüe",,0.06,0,23.9,20.028,0.46,0,
SA16,"LeÁniki, Istrska dolgoplodna leska",,62.1,0,15.9,0.45,16.8,0,
SA17,Orehi,,69.7,0,11,2.14,14.4,0,
SA18,"Pravi kostanj, kuhan",,2.33,0,54.1,7.905,3.25,0,
SA19,"Kaki, Vanilija",,0.08,0,17.5,14.84,0.36,0,
SA20,Kaki ,,0.1,0,17.7,16.62,0.54,0,
SA21,Fige,,0.26,0,18.9,15.78,1.61,0,
SA22,Êipek,,0,0,0,9.52,0,0,
SA23,Marelice,,0.13,0,8.54,7.72,0.9,0,
SA24,Kivi,,0.63,0,9.12,9.125,1,0,
SA25,Pomaranüa,,0.2,0,8.25,8.28,1,0,
SA26,Mandarina,,0.3,0,10.1,10.1,0.7,0,
SA27,Grenivka,,0.15,0,7.41,7.41,0.6,0,
SA28,Limona,,0.6,0,3.16,3.16,0.7,0,
SA29,Limeta,,2.4,0,1.9,1.9,0.5,0,
SA30,Ananas,,0.15,0,12.4,12.4,0.46,0,
SA31,Rozine,,0.55,0,68,67.1,2.46,0,
SA32,Suhi jabolüni krhlji,,1.63,0,55.4,49.94,1.37,0,
SA33,Suhe slive,,0.6,0,47.4,40.87,2.3,0,
SA34,Suhe marelice,,0.5,0,47.9,43.27,5,0,
SA35,"Brusnice, posuÁene, sladkane",,1.37,0.1,82.36,65,0.07,0,
ZE1,"Radiü, rdeü",,0.18,0,5.22,1.368,1.85,0,
ZE2,"Radiü, zelen",,0.2,0,4.94,2.143,1.16,0,
ZE3,Motovilec,,0.2,0,3.34,0.416,2.29,0,
ZE4,Ohrovt,,0.24,0,9.21,1.753,3.95,0,
ZE5,"Ohrovt, kuhan",,0.11,0,4.74,0.347,1.45,0,
ZE6,Brstiüni ohrovt,,0.25,0,9.2,1.71,4.32,0,
ZE7,"Brstiüni ohrovt, kuhan",,0.14,0,7.13,1.09,3.37,0,
ZE8,"Zelje, belo",,0.06,0,4.73,3.496,1.29,0,
ZE9,"Repa, kisla",,0.04,0,5.12,0.19,0.85,0,
ZE10,"¨ebula, rjava",,0.05,0,8.27,3.514,1.18,0,
ZE11,Por,,0.17,0,8.66,3.765,2.07,0,
ZE12,"Por, kuhan",,0.15,0,6.67,1.716,1.71,0,
ZE13,"Koleraba, rumena",,0.03,0,10.3,7.17,0.97,0,
ZE14,"Koleraba, rumena, kuhana",,0.02,0,9.32,5.47,0.51,0,
ZE15,Êpinaüa,,0.17,0,3.09,0.44,2.8,0,
ZE16,"Êpinaüa, kuhana",,0.3,0,0.45,0.38,2.36,0,
ZE17,Korenje,,0.1,0,9.22,4.66,0.76,0,
ZE18,"Korenje, kuhano",,0.17,0,9.39,4.46,0.84,0,
ZE19,"Fißol, üeÁnjevec",,0.78,0,61.6,2.33,20.8,0,
ZE20,"Fißol, üeÁnjevec, kuhan",,0.41,0,24.5,0.57,8.14,0,
ZE21,"Fißol, sivüek",,1.01,0,55.4,2.79,23.5,0,
ZE22,"Fißol, sivüek, kuhan",,0.34,0,23,0.615,9.86,0,
ZE23,"Fißol, tetovec",,0.96,0,58.4,1.94,20.3,0,
ZE24,"Fißol, tetovec, kuhan",,0.4,0,23.6,0.365,8.66,0,
ZE25,Regrat,,0.31,0,5.35,0.969,3.17,0,
ZE26,¨emaß,,0.33,0,4.82,0.77,2.64,0,
ZE27,"¨ebula, mlada",,0.06,0,7.29,6,1.11,0,
ZE28,"Koleraba, nadzemna",,0.05,0,5.26,3.09,1.92,0,
ZE29,Kumare,,0.02,0,2.6,1.757,0.78,0,
ZE30,Êparglji,,0.1,0,3.22,1.384,1.72,0,
ZE31,"Êparglji, kuhani",,0.08,0,3.62,1.25,2.18,0,
ZE32,Cvetaüa,,0.09,0,5.51,2.365,2.11,0,
ZE33,"Cvetaüa, kuhana",,0.14,0,4.24,1.32,1.71,0,
ZE34,"Paprika, rumena",,0.05,0,3.44,1.717,0.82,0,
ZE35,"Krompir, kifeljüar",,0.04,0,15.3,0.71,2.16,0,
ZE36,"Krompir, kifeljüar, kuhan",,0.04,0,17.2,0,2.23,0,
ZE37,"Krompir, kifeljüar, peüen",,0.06,0,19.6,2.55,2.88,0,
ZE38,"Solata, kristalka, Noisette",,0.17,0,3.56,0.891,0.96,0,
ZE39,"Solata, endivija",,0.14,0,4.37,1.72,1.24,0,
ZE40,Rdeüa pesa,,0.03,0,10.3,7.947,1.15,0,
ZE41,"Rdeüa pesa, kuhana",,0.04,0,10.2,6.27,1.22,0,
ZE42,¨esen,,0.07,0,15.8,1.54,1.89,0,
ZE43,Grah,,0.52,0,17.8,2.17,5.94,0,
ZE44,"Grah, kuhan",,0.43,0,19.5,2.4,6.35,0,
ZE45,Paradißnik,,0.08,0,3.94,2.044,0.85,0,
ZE46,Jajüevec,,0.18,0,2.49,2.271,1.24,0,
ZE47,Stroüji fißol,,0.06,0,5.98,2.261,1.55,0,
ZE48,"Stroüji fißol, kuhan",,0.07,0,7.93,1.865,1.89,0,
ZE49,Blitva,,0.09,0,4.99,2.16,1.52,0,
ZE50,"Blitva, kuhana",,0.13,0,5.43,1.13,1.37,0,
ZE51,Buüke,,0.04,0,2.86,1.761,1.17,0,
ZE52,"Zelje, kislo",,0.08,0,5.18,0.603,1.33,0,
ZE53,"Zelje, rdeüe",,0.05,0,4.92,2.28,1.02,0,
ZE54,"Korenje, rumeno",,0.02,0,5.82,2.7,1.3,0,
ZE55,"Korenje, rumeno, kuhano",,0.04,0,7.3,2.71,1.29,0,
ZE56,Brokoli,,0.2,0,2.66,2.661,3.78,0,
ZE57,"Brokoli, kuhan",,0.2,0,2.03,2.03,2.8,0,
ZE58,"Paprika, zelena",,0.04,0,3.85,2.247,0.8,0,
ZE59,"¨ebula, Ptujska rdeüa",,0.09,0,11.4,4.93,1.54,0,
ZE60,"Namizne oljke, Istrska belica",,15,0,1.76,0,1.38,0,
ZE61,"Namizne oljke, Êtorta",,12,0,1.76,0,1.38,0,
OL1,"Ekstra deviÁko oljüno olje, meÁanica sort",,100,0,0,0,0,0,
OL2,"Ekstra deviÁko oljüno olje, ¨rnica",,100,0,0,0,0,0,
OL3,"Ekstra deviÁko oljüno olje, BriÁka ürnica",,100,0,0,0,0,0,
OL4,"Ekstra deviÁko oljüno olje, Buga",,100,0,0,0,0,0,
OL5,"Ekstra deviÁko oljüno olje, Istrska belica",,100,0,0,0,0,0,
OL6,"Ekstra deviÁko oljüno olje, Komuna",,100,0,0,0,0,0,
OL7,"Ekstra deviÁko oljüno olje, Leccino",,100,0,0,0,0,0,
OL8,"Ekstra deviÁko oljüno olje, Mata",,100,0,0,0,0,0,
OL9,"Ekstra deviÁko oljüno olje, Êtorta",,100,0,0,0,0,0,
OL10,"Ekstra deviÁko oljüno olje, Zmartel",,100,0,0,0,0,0,
OL11,"Ekstra deviÁko oljüno olje, ¶ißula",,100,0,0,0,0,0,
OL12,Buüno olje,,100,0,0,0,0,0,
OL13,"Buünice, golice",,43.6,0,0,0,38.2,0,
OL14,"Buünice, belice",,36.6,0,0,0,34.7,0,
IZ1,"JuÁni rezanci, ajdovi",,3.45,0,71.4,0,12.3,0,
IZ2,"JuÁni rezanci, ajdovi, kuhani",,0.83,0,20.5,0,3.57,0,
ZA1,Paprika sladka zaüimba,,2.37,0.47,68.7,0,17.9,0,
ZA2,Paprika pekoüa zaüimba,,2.37,0.47,68.7,0,17.9,0,
DO1,WILDROHWURST,,3.1,0.3,67.1,64.4,8.2,0,
DO2,HUHNERPASTETE,,0.9,0.27,41,40.3,32.9,0,
DO3,ISOKONTRIKT 5590,,1.5,0.12,79.4,79.4,7.1,0,
DO4,FRANFURTER KOMBI,,1.8,0.17,39.2,39.2,9.8,39.48,
DO5,WURTZOMAT 5200,,2.3,1.14,33.2,32.5,27.2,0,
DO6,TATARSKI BIFTEK,,4.9,0.85,33.2,29.1,9.3,23.64,
DO7,BRUDAUERWURST KRAKAUER,,10.8,0.63,47.1,39.6,22.5,0,
DO8,RCS7 PLUS OA,,1.4,0.12,34.8,34.2,7.2,43.39,
ZE62,SOJINO ZRNO,,17.7,2.4,34,0,34,0,
ZE63,KE¨AP,,0.5,0.1,25,22,1.5,0,
ZE64,PARADI¶NIKOV PIRE,,0.1,0,10.2,0,1.7,0,
ZE65,"¨EBULA, BELA",,0.5,0,30,0,6.4,0,
ZE66,DROBNJAK,,0.6,0.1,3.8,0,2.8,0,
ZE67,LE¨A,,1,0.2,60,0,24,0,
GO1,TARTUF,,0.51,0.1,0,0,5.53,0,
GO2,LISI¨KA,,0.24,0.1,3,0,1.5,0,
GO3,ÊAMPINJON,,0.24,0,0.68,0,2.74,0,
ZE68,HREN,,0.3,0,12.35,8.25,2.8,0,
ZE69,"PETERÊILJ, LIST",,0.36,0,1.31,0.85,4.43,0,
ZE70,"PETERÊILJ, KOREN",,0.47,0,5.44,5.44,2.88,0,
ZE71,"PETERÊILJ, SUH",,4.43,0.64,51.7,16,22.4,0,
ZE72,"ZELENA, CELA",,0.33,0,2.25,1.81,1.55,0,
ZE73,"ZELENA, LIST, SUH",,2.15,0,65,0,11.8,0,
SA35,AVOKADO,,23.5,4.2,0.4,0.4,1.9,0,
SA36,BANANA,,0.18,0.06,21.39,16.8,1.15,0,
SA37,DATELJ,,0.53,0,66.32,64,1.85,0,
ME92,MESNATA SLANINA,,38.5,16.5,0,0,12.6,0,
ME93,SVINJSKA KRI,,0.4,0.1,0.1,0,16.6,0,
ME94,SVINJSKI MO¶GANI,,9,5.1,0,0,1.6,0,
ME95,GOVEJA KRI,,0.13,0,0,0,17.8,0,
DO9,Aroma Ruma,,78.1,9.6,0,0,0,0,
DO10,Marmelada MeÁano sadja Presad,,0.1,0.1,59.3,58.8,0.12,0.02,
DO11,¨okoladni obliv Bonn,,38.3,23.6,45.1,42,4.9,0.01,
DO12,Margarina Unifet,,80,0,0,0,0,0,
DO13,Sirup Malina,,0.1,0.1,3.6,3.5,0.1,0.013,
DO14,Sladkor,,0,0,100,100,0,0,
DO15,"Jajce, celo, surovo, sveße",,9.94,3.1,0.77,0.77,12.58,0,
DO16,Vanilijev sladkor,,0,0,99,99,0,0,
DO17,Pecilni praÁek,,0.4,0.1,46.9,0,0.1,0,
DO18,Cimet mleti,,3.2,0.8,56,55.4,3.9,0.03,
DO19,¨okolada v prahu,,13.7,8.1,57.9,1.8,19.6,0,
DO20,Kisla smetana Pomurske mlekarne 20,,20,14,2.9,2.9,3,0.1,
DO21,Kokosova moka,,67,62,6,6,8,0,
DO22,Limonina lupina,,0.3,0,16,4.17,1.5,0,
DO23,PiÁkotne drobtine,http://ukusnidani.bambi.rs/b/files/plazma_nutrition.pdf,12,7.5,70.4,20,11.9,0.3,
DO24,"Kokosovo meso, posuÁeno, nesladkano",,64.53,57.2,23.65,7.35,6.88,0,
DO25,Rum,,0,0,0,0,0,0,
DO26,Sonüniüno olje,,100,13,0,0,0,0,
DO27,Konopljina moka,http://www.kmetija-cesenj.com/konopljina-moka/,8.1,0.8,20,0,31.9,0,
DO28,"Olje, olivno",,100,13.8,0,0,0,0,
DO29,Maslo,,81.1,51.4,0.06,0.85,,,
DO30,marmelada UWE marelica,,0.1,0,52.5,52.1,0.4,0.06,
DO31,"Mleko 3,25 %",,3.3,1.9,4.52,4.52,3.22,0,
DO32,Kvas,,4.6,0.6,38.2,0,38.3,0,
DO33,Ocvrta üebula,,50,21.4,42.9,0,0,0,
KI1,Vanilijevi rogljiüki,,28.38,1.12,45.13,17.04,7.16,0.00,
KI2,Huzarski Krapki,,22.1425641,1.027863248,46.61247863,17.16957265,6.741025641,0.002905983,
KI3,LinÁke oüi,,17.80893263,0.163739591,58.2,36.10779712,3.568357305,0.003785011,
KI4,¨okoladni rogljiüki,,,,,,,,
KI5,Roßice,,25.06946565,0.007633588,54.77099237,19.78755725,5.150381679,0.001526718,
KI6,Kokosovi rogljiüki,,29.04,9.58,42.17,15.77,6.57,0.0,
KI7,AngleÁki piÁkoti,,21.69893617,2.513829787,61.61702128,27.94010638,5.345744681,0.00106383,
ki8,konopljino olje,http://www.bija.etrgovine.com/bio-konoplja/konopljino-olje/bio-konopljino-olje-hladno-stiskano-detail,92,8,0,0,0,0,
ki9,laneno olje,http://alternativa-webshop.com/hladno-presano-laneno-ulje-orgona-superfood-250ml.html,99.9,11,0,0,0,0,
ki10,konopljini proteini,http://www.kmetija-cesenj.com/konopljini-proteini/,11.1,1.2,10,5.9,49,0.2,
ki11,lanena moka,http://www.alaja.si/lanena-moka-250g-eko.html,8.8,0.9,3.9,3.8,40,0.1,
ki12,"goveje meso II kat. ( vrat, podpleüje)",http://nutritiondata.self.com/facts/beef-products/3687/2,17,7,0,0,19,0,
ki13,"praÁ. meso II.kat. ( pleüe, potrebuÁina)",http://nutritiondata.self.com/facts/pork-products/2165/2,20,7,0,0,17,0,
ki14,voda,,0,0,0,0,0,0,
ki15,uk aroma,,0.05,0,46.7,46.7,0.05,0,
ki16,aroma fibrex cs 40,,0.02,0,83.4,0,0.02,0,
ki17,aroma gel ks,,0,0,0.2,0,0.24,22.7,
ki18,aroma hrenovka (teleüja),,0.18,0.02,38.54,38.54,0.47,7.47,
ki19,aroma mix üevapko,,0.97,0.18,32.15,30.19,4.84,0.02,
ki20,aroma us 150,,1.09,0,51.86,16.17,22.61,1.28,
ki21,bazilika,,4,0.7,43,42.5,14,0.08,
ki22,dekstroza,,0.1,0,90,90,0.1,0.05,
ki23,gorüiüna moka,,14.3,0.7,28.3,14.2,24.9,0.01,
ki24,klinüki,,20.1,6.1,52,51.5,6,0.05,
ki25,koriander,,17.8,0,25.9,24.6,12.4,0.09,
ki26,kumina,,14.6,0.6,37.3,7.5,19.8,0.02,
ki27,majaron,,7,1.3,42.5,42,12.7,0.2,
ki28,muÁkatni oreh,,36.3,25.9,45,22.5,5.8,0.05,
ki29,paprika ostra,,12.5,1.8,56,53.1,12.7,0.1,
ki30,paprika sladka,,13,2,55.8,54.5,13.5,0.1,
ki31,pimet mleti,,8.7,3,50.5,48,6.1,0.2,
ki32,poper beli mleti,,2.1,0.5,64.3,61,10.4,0.005,
ki33,extrawurst tiroler 126,,2,0.21,50.5,50.1,25.6,7.83,
ki34,iso contrit 5590,,1.5,0.12,79.4,79.4,7.1,2.15,
ki35,paprika granulat rdeüa/zelena 7190,,3.3,0.59,30,28.5,12.7,0.08,
ki36,PRIMOFRESCH SPARE RIBS,,34.7,2.79,8.3,6.7,1.6,11.38,
ki37,RSC 7 PLUS OA,,1.4,0.12,34.8,34.2,7.2,43.39,
ki38,RUSTICO 75506,,2.2,0.19,46.5,45.1,14.3,15.84,
ki39,STABICON 15,,1.4,0.26,47.1,1.4,1.9,9.37,
ki40,TATARSKI BIFTEK 36-5131,,4.9,0.85,33.2,29.1,9.3,23.64,
ki41,WöRZOMAT 5200,,2.3,1.14,33.2,32.5,27.2,15.53,
ki42,"teleüje meso II.kat ( pleüe, vrat)",http://nutritiondata.self.com/facts/lamb-veal-and-game-products/4567/2,3,1,0,0,21,0,
ki43,praÁiüje Glave s.k.,https://www.fatsecret.com/calories-nutrition/generic/pork-ears-tail-head-snout-miscellaneous-parts-cooked,19.07,6.9,0,0,30.6,0,
ki44,praÁiüja koßa,http://nutritiondata.self.com/facts/snacks/5362/2,31,11,0,0,61,0,
ki45,Knor svinjska juha,,1.5,0.8,3.4,0.5,1.2,1.3,
ki46,kis jabolüni,http://nutritiondata.self.com/facts/spices-and-herbs/217/2,0,0,1,0,0,0,
ki47,poper ürni,http://nutritiondata.self.com/facts/spices-and-herbs/200/2,3,1,65,1,11,0,
ki48,sol mehüanje,,0,0,0,0,0,100,
ki49,aroma tk,,0,0,0,0,0,0,
ki50,svinjska ribica,http://nutritiondata.self.com/facts/pork-products/10293/2,2,1,0,0,20,0,
ki51,svinjski vrat s.k.,http://nutritiondata.self.com/facts/pork-products/10302/2,11,4,0,0,17,0,
ki52,svinjski vrat b.k.,http://nutritiondata.self.com/facts/pork-products/10295/2,5,2,0,0,18,0,
ki53,goveja rebra,http://nutritiondata.self.com/facts/beef-products/3325/2,10,4,0,0,19,0,
ki54,koßna emulzija,,31,11,0,0,61,0,
ki55,goveji kuhani vampi,http://nutritiondata.self.com/facts/beef-products/7487/2,4,1,2,0,12,0,
ki56,pleüe praÁiüje brez kosti in masti,http://nutritiondata.self.com/facts/pork-products/2093/2,6,2,0,0,21,0,
ki57,praÁ.meso I. kat. (stegno oüiÁüeno),http://nutritiondata.self.com/facts/pork-products/7658/2,8,3,0,0,22,0,
ki58,potrebuÁina,http://nutritiondata.self.com/facts/beef-products/7491/2,6,2,0,0,21,0,
ki59,hamburÁka slanina ,celjske mesnine,27.3,13.4,2,0.5,17.2,3.3,
ki60,senator combi,,0,0,0,0,0,0,
ki61,EDAMEC,,25.3,16.9,2.7,2.7,24,1.4,
ki62,kosti mesnate praÁ.,https://www.fatsecret.com/calories-nutrition/generic/pork-neck-bones-cooked,4.52,1.53,0,0,13.44,0,
ki63,svinjske noge,http://nutritiondata.self.com/facts/pork-products/9831/2,11,3,0,0,19,0,
ki64,kraüa prednji del,http://nutritiondata.self.com/facts/pork-products/2232/2,62,23,0,0,8,0,
ki65,odojek,https://www.fatsecret.com/calories-nutrition/generic/german-suckling-pig,15.06,5.53,0,0,27.94,0,
ki66,salo,,100,49.8,0,0,0,0,
ki67,ßar kotanyi,,4.2,0.5,18,9.7,6.6,59.4,
ki68,kruhove drobtine,http://nutritiondata.self.com/facts/baked-products/4880/2,5,1,72,6,13,0,
ki69,peüka,,100,49.8,0,,0,0,
ki70,hrbtna slanina,https://www.fatsecret.com/calories-nutrition/generic/fat-back-cooked,23,0,0,0,0.95,0,
ki71,kosti mesnate teleüje,,7.4,2.9,0,0,11.3,0,
ki72,puranje stegno s koßo,http://nutritiondata.self.com/facts/poultry-products/7672/2,10,3,0,0,28,0,
ls1,gea majoneza,,77.3,9.6,4.4,3,1,0.93,
ls2,maslo Ljubljanske mlekarne ,,82,53,0.6,0.6,0.5,0.01,
ls3,zaüimba,,0.1,0.1,23.2,22.8,1.2,1.8,
ls4,aceto balsamico modena,,0,0,12,11.5,1,0.01,
ls5,olivno olje,,100,15,0,0,0,0,
ls6,sol ,,0,0,0,0,0,99.7,
ls7,sweet butter milk,,1,0.5,8,6,4,0.8,
ls8,tartufata Zigante,,13.2,1.8,5.5,0.9,1.8,0.88,
ls9,worchester pikantna omaka,,0.7,0.3,22,19,0.7,2.8,
ls10,jogurt 2%,,2,1.5,4.9,4.9,8.3,0.1,
ls11,presad marmelada,,0.1,0.1,59,58.2,0.2,0.02,
ls12,spitz tomater,,0.5,0.1,22,18,1.2,2.8,
ls13,sir provolone,,27,18,0.5,0,25,1.5,
ls14,Chedar Somerset,,34.4,21.7,0.1,0.1,25,1.8,
ls15,monteverdi mozzarela,,23,15,1.5,0.7,24,0.4,
ls16,famny,,3.6,2,19,0.5,2.8,2.3,
ls17,panirani piscancji fritesi,,8.3,1.6,23.3,1.3,12.9,1,
ls18,sir gauda,,28.8,18.8,0,0,23.8,0.8,
ls19,ketchup felix,,0,0,18,17,1.2,2.2,
ls20,semena koprca,http://nutritiondata.self.com/facts/spices-and-herbs/188/2,15,0,52,0,16,0.88,
ls22,pehtran suhi,http://nutritiondata.self.com/facts/spices-and-herbs/210/2,7,2,50,0,23,0.62,
ls23,üebula v prahu,http://nutritiondata.self.com/facts/spices-and-herbs/196/2,1,0,81,35,10,0.54,
ls24,kajenski poper,http://nutritiondata.self.com/facts/spices-and-herbs/201/2,17,3,57,10,12,0.3,
ls25,limonin sok,,0,0,9,2,0,0.01,
ls26,grÁki jogurt 10%,http://www.myfitnesspal.com/food/calories/pilos-greek-yogurt-10-fat-300663862,10,7,5,0,4,0,
ls27,figova marmelada,,0,0,0,0,0,0,
ls28,ocvrti krompir,http://nutritiondata.self.com/facts/fast-foods-generic/8054/2,16,2,39,0,4,2.27,
ls29,dimljena slanina,,0,0,0,0,0,0,
ls30,goveje meso,,0,0,0,0,0,0,
ls31,svinjska ribica LS,,0,0,0,0,0,0,
ls32,üesen v prahu,http://nutritiondata.self.com/facts/spices-and-herbs/190/2,1,0,73,24,17,0.26,
ls33,rjavi sladkor,http://nutritiondata.self.com/facts/sweets/5591/2,0,0,98,97,0,0.28,
ls34,karamelizirana üebula,,0,0,0,0,0,0,
ls35,temno pivo bernard,,0,0,0,0,0,0,
ls36,bbq omaka,,37.95,4.71,11.47,9.97,1.18,1.54,
ls37,ranch hisna omaka,,52.04,8.16,7.41,4.25,2.13,1.34,
ls38,grÁka omaka,,9.79,6.66,5.23,0.09,3.89,0.94,
ls39,figova omaka,,,,,,,,
ls40,otroÁka omaka,,0.04,0.04,33.97,33.07,0.79,1.22,
ls41,omaka s ürnim tartufom,,31.97,4.01,9.98,7.96,1.31,1.38,
oc1,bioknoblauchgranulat,,0.5,0.1,70,21,16,0.1,
oc2,bio-intensado neu,,1,0.2,31,17,16,33.6,
oc3,bio-cevapi,,0.9,0.2,27,12,6,54.3,
oc4,bio-brÑtvurst,,4.6,0.8,49,41,10,9.6,
oc5,rosao,,0.5,0.1,0.5,0.5,0.5,0.02,
oc6,goveje obreznine,http://nutritiondata.self.com/facts/beef-products/3679/2,22,9,0,0,18,0,
je1,kis za vlaganje,http://nutritiondata.self.com/facts/spices-and-herbs/7162/2,0,0,0,0,0,0,
je2,citronska kislina,http://nutritiondata.self.com/facts/fruits-and-fruit-juices/1925/2,0,0,13,13,0,0,
je3,zmes za ingverjevo testo,,0,0,0,0,0,0,
je4,med,http://nutritiondata.self.com/facts/sweets/5568/2,0,0,82,82,0,0,
je5,jedilna üokolada,,27,16,60.6,58.3,4.1,0.01,
je6,ßelirni sladkor,http://www.oetker.si/si-si/nasi-izdelki/vkuhavanje/super-zelirni-sladkor-31.html,0,0,98,97,0,0.2,
je7,posuÁena jabolka,http://nutritiondata.self.com/facts/fruits-and-fruit-juices/1818/2,0,0,15,13,0,0,
je8,posuÁene hruÁke,http://nutritiondata.self.com/facts/fruits-and-fruit-juices/2013/2,0,0,34,27,1,0,
je9,posuÁene gobe,http://nutritiondata.self.com/facts/vegetables-and-vegetable-products/2487/2,1,0,75,2,10,1.3,
